<?xml version="1.0" encoding="UTF-8"?>  <!-- xml prelog Statement -->
<!DOCTYPE suite SYSTEM "https://testng.org/testng-1.0.dtd">
<suite name="Suite">
	<test thread-count="5" name="Test">
		<groups>
			<run>
				<include name="Regression Test"></include>  <!-- Executing only Regression test cases which are grouped-->
			</run>
		</groups>
		<classes>
			<class name="testcases.FitnessTestCases" />
			<class name="testcases.HomePageTestCases" />
			<class name="testcases.FreeListingTestCases" />
		</classes>
	</test> <!-- Test -->
</suite> <!-- Suite -->
